0,Benny K. Froebe,downrangeoughts@live.com,46
1,Nicki O. Lampman,opecarlota@gmx.com,55
2,Josh Tomspon,sixthbennie@me.com,83
3,Barton Lamons,burryewan@email.com,19
4,Carlie Tomaro,thickwagging@aol.com,72
5,Mario Schellhorn,tauntbunson@email.com,97
6,Julian Wicke,calmbranden@hotmail.co.uk,34
7,Harlan Fratrick,wudstilts@aol.com,95
8,Jacque Stadick,dankmelisa@mail.com,96
9,Lucina Delarge,ebbdelbert@comcast.net,63
10,Camie Cottam,oftdeplumed@live.com,71
11,Roselle Shreckengost,whorledisidro@yahoo.com,82
12,Bud Z. Becraft,whackinggulp@yahoo.com,76
13,Kelsie Sachar,beigelouann@verizon.net,42
14,Bertram K. Seiser,loathgreensand@yahoo.co.uk,94
15,Fermin W. Gustaveson,dueclad@email.com,65
16,Dudley Steuer,blaejannie@gmx.com,86
17,Jesse Urrey,haltnelia@hotmail.co.uk,66
18,Jarrett Mccarr,grouserisker@verizon.net,83
19,Laquanda Verzi,wobblingellison@mail.com,69
20,Gearldine X. Gregori,raisedracey@aol.com,93
21,Reagan Kellman,bobsmargo@me.com,30
22,Modesto Y. Gent,bentanika@mac.com,34
23,Dong Cleghorn,bleaktrouts@gmx.com,32
24,Jame Vanosdol,fealhank@verizon.net,94
25,Michal Bussing,bumperry@hotmail.co.uk,42
26,Earle Bloomingdale,anesblatting@email.com,68
27,Tianna R. Astorga,burredsharon@me.com,95
28,Cythia Plegge,pissedmonroe@email.com,82
29,Rosetta Amtower,bluntlybag@comcast.net,81
30,August Lillibridge,crownedsnib@hotmail.co.uk,47
31,Branden Ochocki,saiddaphine@yahoo.co.uk,37
32,Reggie U. Balle,burnedsonja@yahoo.co.uk,69
33,Robbie Guynup,promptbrant@email.com,35
34,Yoshiko E. Campolo,dashedsowback@me.com,95
35,Denver Hartzog,daftdarren@live.com,20
36,Ferne Youssefi,dulljae@mail.com,93
37,Rex Rheault,hepsheridan@me.com,27
38,Stephan Jaskot,antstcroix@yahoo.com,89
39,Bryon Floer,likemikki@mail.com,46
40,Alec Bisges,dangedalphonso@hotmail.com,79
41,Signe F. Hixson,quitcalxes@email.com,26
42,Rickey Toce,loosestwittrock@mac.com,50
43,Jospeh Clines,toothlessbattista@gmx.com,98
44,Trevor J. Cariker,rifestephine@email.com,75
45,Shawana J. Streat,runedclaud@att.net,52
46,Emmie A. Eckhardt,faunalseams@att.net,23
47,Cherri B. Vounas,plusbritt@mac.com,45
48,Jenette Huertes,shoalernie@me.com,33
49,Perry Estevane,noneoutvied@live.com,42
50,Rocio Paglialunga,froggedtracey@me.com,85
51,Patsy B. Worlow,offshoreclangs@aol.com,82
52,Robin Ernster,pockedavelina@mail.com,45
53,Kira Worthley,damnedletisha@live.com,85
54,Jennefer Fuerte,bluffmarallo@yahoo.com,57
55,Brigida C. Tipka,matvelda@gmx.com,75
56,Rory X. Devin,primatescuffs@gmail.com,79
57,Rigoberto C. Depasse,untruescowl@yahoo.co.uk,98
58,Efren Lanfair,darnranda@hotmail.com,98
59,Calvin Brusuelas,chargeddishfuls@hotmail.co.uk,57
60,Lori Kemner,slydelilah@msn.com,83
61,Kelli Kehres,borderedgladys@verizon.net,45
62,Eva Raxter,looselyramps@verizon.net,68
63,Deanne M. Moylan,crackedsusie@yahoo.com,94
64,Neal J. Marvin,dinkanneliese@hotmail.co.uk,95
65,Demetra L. Robeza,tricksybinner@aol.com,31
66,Rudolph Khemmanivong,teenbiff@yahoo.co.uk,93
67,Genie N. Rottinghous,solesauret@msn.com,30
68,Shannon Collen,mumdorthy@yahoo.com,31
69,Manual Cather,hopelesssteps@gmx.com,23
70,Marcelo S. Vanyo,milledsharyl@msn.com,30
71,Israel C. Mairs,shrilldebbi@yahoo.co.uk,76
72,Joe S. Pizzella,blowzedchristopher@email.com,86
73,Iona Tycer,sidewardpoll@att.net,88
74,Garfield O. Gaitan,webbedzachariah@mac.com,70
75,Franklyn Blach,blownelds@email.com,94
76,Shantelle Bathke,soldglenna@hotmail.co.uk,95
77,Ernesto Gurnett,dreeshaun@comcast.net,73
78,Andrea Hoefel,eildhogshead@yahoo.com,58
79,Lenny N. Ramlall,beigecrays@mac.com,84
80,Harland Jungquist,glaresmit@hotmail.com,46
81,Hugh Barbato,speckarren@hotmail.co.uk,44
82,Wilfred P. Penman,sixthrudy@aol.com,80
83,Soo A. Pretlow,fabsamuel@live.com,97
84,Armando T. Strefeler,grimissac@live.com,88
85,Long Lenberg,stirlessbraunsdorf@email.com,45
86,Bella Baio,bothkenny@hotmail.co.uk,42
87,Kieth Mcewin,tameprince@me.com,83
88,Alonzo Y. Mieles,furredgertha@gmail.com,95
89,Marcus Sticklin,kraalmin@mac.com,58
90,Robt Buechel,dangedsonday@yahoo.co.uk,91
91,Karlene Bettencourt,crutchedisrael@att.net,54
92,Francis H. Creveling,armoredmckelphin@email.com,46
93,Danyel Gueits,eftrecks@mail.com,36
94,Kiley Tlatenchi,yepprickles@att.net,20
95,Rebbecca D. Mailliard,clippedcombers@yahoo.com,31
96,Evangeline Delea,dashedstan@me.com,83
97,Amie P. Kossow,lownbrownell@hotmail.com,85
98,Heidi Z. Muncil,foundgroundspeed@gmail.com,69
99,Stefan Slatkin,tornlincoln@verizon.net,66